{
  "0": 0.9714285714285714,
  "1": 1.0461538461538462,
  "2": 0.9066666666666666,
  "3": 0.9714285714285714,
  "4": 1.0461538461538462,
  "5": 0.9714285714285714,
  "6": 0.9714285714285714,
  "7": 0.9066666666666666,
  "8": 0.9714285714285714,
  "9": 1.36,
  "10": 0.9714285714285714,
  "11": 1.0461538461538462,
  "12": 0.9066666666666666,
  "13": 1.1333333333333333,
  "14": 1.0461538461538462,
  "15": 1.0461538461538462,
  "16": 1.0461538461538462,
  "17": 0.9066666666666666,
  "18": 0.9714285714285714,
  "19": 0.9714285714285714
}