{
  "0": 0.7939814814814815,
  "1": 1.0993589743589745,
  "2": 0.7939814814814815,
  "3": 0.8932291666666666,
  "4": 0.7521929824561403,
  "5": 1.0208333333333333,
  "6": 1.0993589743589745,
  "7": 1.2992424242424243,
  "8": 0.7939814814814815,
  "9": 1.0208333333333333,
  "10": 1.0993589743589745,
  "11": 1.2992424242424243,
  "12": 1.2992424242424243,
  "13": 0.9527777777777777,
  "14": 1.0993589743589745,
  "15": 1.0993589743589745,
  "16": 1.0208333333333333,
  "17": 1.0993589743589745,
  "18": 1.1909722222222223,
  "19": 1.0993589743589745,
  "20": 0.9527777777777777,
  "21": 0.7521929824561403,
  "22": 1.0993589743589745,
  "23": 1.0208333333333333
}